{"cameraMode":{"drawMode":0,"name":"Shaded","section":"Shading Mode"},"sceneLighting":false,"audioPlay":false,"sceneViewState":{"showFog":true,"showMaterialUpdate":false,"showSkybox":false,"showFlares":true,"showImageEffects":true,"showParticleSystems":true},"in2DMode":false,"pivot":{"x":4.9423604011535648,"y":1.7555609941482545,"z":4.175244331359863},"rotation":{"x":-0.485576868057251,"y":-0.5077736377716065,"z":0.5573939681053162,"w":-0.44245317578315737},"size":1.5716583728790284,"orthographic":true}