{"cameraMode":{"drawMode":0,"name":"Shaded","section":"Shading Mode"},"sceneLighting":false,"audioPlay":false,"sceneViewState":{"showFog":true,"showMaterialUpdate":false,"showSkybox":false,"showFlares":true,"showImageEffects":true,"showParticleSystems":true},"in2DMode":false,"pivot":{"x":-0.4209713935852051,"y":-0.4513728618621826,"z":4.481413841247559},"rotation":{"x":0.2534824013710022,"y":-0.6430853605270386,"z":0.23896227777004243,"w":0.6820273399353027},"size":1.1216953992843629,"orthographic":false}