{"cameraMode":{"drawMode":0,"name":"Shaded","section":"Shading Mode"},"sceneLighting":true,"audioPlay":false,"sceneViewState":{"showFog":true,"showMaterialUpdate":false,"showSkybox":false,"showFlares":true,"showImageEffects":true,"showParticleSystems":true},"in2DMode":false,"pivot":{"x":116.07920837402344,"y":393.91900634765627,"z":13.546630859375},"rotation":{"x":-0.018602509051561357,"y":0.013486947864294052,"z":0.0001449975825380534,"w":0.9998144507408142},"size":498.2698059082031,"orthographic":false}