{"cameraMode":{"drawMode":0,"name":"Shaded","section":"Shading Mode"},"sceneLighting":false,"audioPlay":false,"sceneViewState":{"showFog":true,"showMaterialUpdate":false,"showSkybox":false,"showFlares":true,"showImageEffects":true,"showParticleSystems":true},"in2DMode":false,"pivot":{"x":1.0183689594268799,"y":8.501753807067871,"z":6.36367130279541},"rotation":{"x":-0.010008594021201134,"y":-0.7856661081314087,"z":0.6184907555580139,"w":-0.01274503581225872},"size":1.0066779851913453,"orthographic":true}