{"cameraMode":{"drawMode":0,"name":"Shaded","section":"Shading Mode"},"sceneLighting":false,"audioPlay":false,"sceneViewState":{"showFog":true,"showMaterialUpdate":false,"showSkybox":false,"showFlares":true,"showImageEffects":true,"showParticleSystems":true},"in2DMode":false,"pivot":{"x":0.0032529905438423158,"y":0.0,"z":-0.9546731114387512},"rotation":{"x":0.2649034857749939,"y":-0.5336602926254273,"z":0.18064691126346589,"w":0.7825652956962586},"size":0.20469896495342256,"orthographic":false}