{"cameraMode":{"drawMode":0,"name":"Shaded","section":"Shading Mode"},"sceneLighting":true,"audioPlay":false,"sceneViewState":{"showFog":true,"showMaterialUpdate":false,"showSkybox":true,"showFlares":true,"showImageEffects":true,"showParticleSystems":true,"showVisualEffectGraphs":true,"m_FxEnabled":true},"in2DMode":false,"pivot":{"x":0.9572242498397827,"y":-7.196138381958008,"z":18.786344528198243},"rotation":{"x":-0.19305212795734406,"y":-0.023257140070199968,"z":0.004581165965646505,"w":-0.9809202551841736},"size":25.370481491088868,"orthographic":false}