{"cameraMode":{"drawMode":0,"name":"Shaded","section":"Shading Mode"},"sceneLighting":true,"audioPlay":false,"sceneViewState":{"showFog":true,"showMaterialUpdate":false,"showSkybox":true,"showFlares":true,"showImageEffects":true,"showParticleSystems":true},"in2DMode":false,"pivot":{"x":289.61834716796877,"y":167.61624145507813,"z":-299.3940124511719},"rotation":{"x":0.04130055755376816,"y":0.02427561767399311,"z":-0.0010165913263335825,"w":0.9988767504692078},"size":27.419687271118165,"orthographic":false}