{"cameraMode":{"drawMode":0,"name":"Shaded","section":"Shading Mode"},"sceneLighting":false,"audioPlay":false,"sceneViewState":{"showFog":true,"showMaterialUpdate":false,"showSkybox":false,"showFlares":true,"showImageEffects":true,"showParticleSystems":true,"showVisualEffectGraphs":true,"m_FxEnabled":true},"in2DMode":false,"pivot":{"x":-0.6204280853271484,"y":0.8384343385696411,"z":-1.9348948001861573},"rotation":{"x":0.008536245673894883,"y":0.9891407489776611,"z":-0.1321595013141632,"w":0.0638856366276741},"size":0.36742350459098818,"orthographic":false}